{
  "metrics": {
    "ga": [
      {
        "precision": 1.0,
        "recall": 0.24528301886792453,
        "f1": 0.3939393939393939,
        "auprc": 0.6299491546964054
      },
      {
        "precision": 0.6666666666666666,
        "recall": 0.07142857142857142,
        "f1": 0.12903225806451613,
        "auprc": 0.3709375301466977
      }
    ],
    "quantum": [
      {
        "precision": 0.9545454545454546,
        "recall": 0.39622641509433965,
        "f1": 0.56,
        "auprc": 0.6615037797216183
      },
      {
        "precision": 0.6923076923076923,
        "recall": 0.16071428571428573,
        "f1": 0.2608695652173913,
        "auprc": 0.4869815520592631
      }
    ]
  },
  "convergence": {
    "ga": [
      0.39063415390637257,
      0.423546752510926,
      0.44129602547281765,
      0.48971436672555557,
      0.4700410855929327
    ],
    "quantum": [
      0.4067217654134726,
      0.4552705714764539,
      0.43105109934312813,
      0.5167375422162912
    ]
  }
}